{
  "train_loss": [
    0.5066641867160797,
    0.45622761845588683,
    0.3901313841342926,
    0.32708014249801637,
    0.2782155334949493,
    0.23816502690315247,
    0.20547296702861786,
    0.17898058295249938,
    0.15650466084480286,
    0.14062995612621307,
    0.12800713032484054,
    0.11619718968868256,
    0.10793973803520203,
    0.10060953795909881,
    0.09503667056560516,
    0.0902090236544609,
    0.08669260740280152,
    0.08310906291007995,
    0.08080184310674668,
    0.07752126902341842
  ],
  "val_loss": [
    0.24784550070762634,
    0.25054118037223816,
    0.24270710349082947,
    0.222887322306633,
    0.1927114725112915,
    0.15843459963798523,
    0.12558408081531525,
    0.09627173840999603,
    0.07073579728603363,
    0.05073469504714012,
    0.03652818873524666,
    0.02789636142551899,
    0.02336517535150051,
    0.021233510226011276,
    0.020839452743530273,
    0.02139935828745365,
    0.022052081301808357,
    0.022439520806074142,
    0.022563297301530838,
    0.02239431068301201
  ],
  "best_val_loss": 0.020839452743530273,
  "total_time_seconds": 58.69767904281616,
  "epochs_trained": 20,
  "final_correlation": 0.5761667935488125,
  "final_mae": 0.18808535976956284,
  "final_snr": 27.583088136212982
}