{
  "lr": 0.0001,
  "epochs": 150,
  "best_epoch": 34,
  "best_val_loss": 0.0007016196177573875,
  "training_time_seconds": 375.6508433818817,
  "dl_avg_correlation": 0.15575498257959178,
  "overall_correlation": 0.6482312427414966,
  "per_lead_correlation": {
    "I": 1.0,
    "II": 1.0,
    "III": 1.0,
    "aVR": 1.0,
    "aVL": 1.0,
    "aVF": 1.0,
    "V1": 0.12229178005932181,
    "V2": 0.16878452984846926,
    "V3": 0.12077180390817246,
    "V4": 1.0,
    "V5": 0.027497407355709876,
    "V6": 0.3394293917262854
  }
}