{
  "train_loss": [
    0.510217547416687,
    0.49750374257564545,
    0.47777608036994934
  ],
  "val_loss": [
    0.20838484168052673,
    0.21422576904296875,
    0.21964092552661896
  ],
  "best_val_loss": 0.20838484168052673,
  "total_time_seconds": 7.443094491958618,
  "epochs_trained": 3,
  "final_correlation": 0.26106308043623966,
  "final_mae": 0.31698511478801566,
  "final_snr": 22.81308327491085
}