{
  "train_loss": [
    0.3981759031402304,
    0.12327377577411368,
    0.070655485496242,
    0.05468234213742804,
    0.04566693329747687,
    0.039382133712159824,
    0.034617672099712046,
    0.0309884111060107,
    0.02805197191365222,
    0.025650181312193262,
    0.02366190387847576,
    0.021934421415975753,
    0.02060619480115302,
    0.019347332259441945,
    0.01819685220401338,
    0.017247682159885445,
    0.01634958382458129,
    0.01562614633919711,
    0.014932346074505056,
    0.01426780336794067,
    0.013723125463311977,
    0.013240697892739418,
    0.012699829672086747,
    0.012281786531526992,
    0.011931298875269737,
    0.011560494060370517,
    0.011162979825538523,
    0.010813350868510438,
    0.010536005601603934,
    0.0102338466119576,
    0.009942217848877957,
    0.009737150644526836,
    0.009459904771535955,
    0.009234312545270362,
    0.009010341454376566,
    0.008793651066879009,
    0.008599807211059206,
    0.008412075387512116,
    0.008213449972978931,
    0.008052869372941713,
    0.007881503017183314,
    0.007725442442646686,
    0.007572730081750357,
    0.00740792938171232,
    0.0072499004866373035,
    0.007127976064827848,
    0.006981862500864774,
    0.006881628710618044,
    0.006737236319942043,
    0.0066161298668606485
  ],
  "val_loss": [
    0.11308054905384779,
    0.02693236107006669,
    0.020135185215622187,
    0.016265684505924582,
    0.013452516170218587,
    0.011565267108380795,
    0.010229708044789732,
    0.009130224119871855,
    0.008287935750558972,
    0.00769307668088004,
    0.007047778926789761,
    0.006618787534534931,
    0.006331221084110439,
    0.005904190940782428,
    0.005624224431812763,
    0.005387157434597611,
    0.005208785878494382,
    0.004950515634845942,
    0.004760230134706944,
    0.004540533642284572,
    0.004400865873321891,
    0.004241047106916085,
    0.004152568493736908,
    0.003929490689188242,
    0.003847507614409551,
    0.00374235725030303,
    0.0036162835895083845,
    0.0035095607163384557,
    0.003388064244063571,
    0.0033547143102623522,
    0.003255875810282305,
    0.003180656232871115,
    0.003099135938100517,
    0.0030147598881740123,
    0.0029328944510780275,
    0.002871441305615008,
    0.002830484474543482,
    0.0027291752921883017,
    0.0026723683695308864,
    0.002621987892780453,
    0.00254642590880394,
    0.0024942685558926314,
    0.0024398870882578194,
    0.002405344945145771,
    0.0023377969046123326,
    0.0023127814492909238,
    0.0022682260314468294,
    0.0022196565696503967,
    0.0021833908540429547,
    0.0021511600352823734
  ],
  "best_val_loss": 0.0021511600352823734,
  "total_time_seconds": 388.9298610687256,
  "epochs_trained": 50,
  "final_correlation": 0.6425671936012805,
  "final_mae": 0.010949102955911023,
  "final_snr": 64.47783720222512
}