{
  "train_loss": [
    0.4904504971844809,
    0.3958204388618469
  ],
  "val_loss": [
    0.22197756171226501,
    0.21950352688630423
  ],
  "best_val_loss": 0.21950352688630423,
  "total_time_seconds": 49.6214861869812,
  "epochs_trained": 2,
  "final_correlation": 0.2555584547981888,
  "final_mae": 0.3103357714911302,
  "final_snr": 23.07895125029673
}