{
  "variants": {
    "hybrid": {
      "test_loss": 0.003095181833487004,
      "test_correlation_overall": 0.9358370248228312,
      "test_mae_overall": 0.01228447013456149,
      "test_snr_overall": 62.99813101689021,
      "test_correlation_per_lead": [
        1.0,
        0.9999999962747097,
        1.0,
        1.0,
        0.9999999962747097,
        1.0,
        0.8202878348529339,
        0.8275625891983509,
        0.8570508658885956,
        1.0,
        0.890234213322401,
        0.834908802062273
      ],
      "test_mae_per_lead": [
        0.0,
        0.0,
        0.0,
        0.0,
        0.0,
        0.0,
        0.029675415271791888,
        0.029651680346963378,
        0.027097650436417098,
        0.0,
        0.02715175206568195,
        0.03383714349388356
      ],
      "test_snr_per_lead": [
        94.102623462677,
        94.11721134185791,
        94.14145851135254,
        94.13793992996216,
        94.09536647796631,
        94.12618637084961,
        19.563924074172974,
        19.41393256187439,
        20.003687262535095,
        94.11261749267578,
        20.013980746269226,
        18.148643970489502
      ]
    },
    "physics": {
      "test_loss": 0.0030543235334334895,
      "test_correlation_overall": 0.9359789198885361,
      "test_mae_overall": 0.012171941524608581,
      "test_snr_overall": 63.02356361349423,
      "test_correlation_per_lead": [
        1.0,
        0.9999999962747097,
        1.0,
        1.0,
        0.9999999962747097,
        1.0,
        0.8182653561234474,
        0.8264509662985802,
        0.8598179221153259,
        1.0,
        0.8913365751504898,
        0.8358762264251709
      ],
      "test_mae_per_lead": [
        0.0,
        0.0,
        0.0,
        0.0,
        0.0,
        0.0,
        0.029838213333429547,
        0.029999296083360605,
        0.027132989816512538,
        0.0,
        0.025978729150438085,
        0.03311406991156218
      ],
      "test_snr_per_lead": [
        94.102623462677,
        94.11721134185791,
        94.14145851135254,
        94.13793992996216,
        94.09536647796631,
        94.12618637084961,
        19.520204663276672,
        19.34252381324768,
        20.006139397621155,
        94.11261749267578,
        20.296842098236084,
        18.283649802207947
      ]
    }
  },
  "config": {
    "lr": 0.0003,
    "batch_size": 128,
    "epochs": 150,
    "weight_decay": 0.0001,
    "seed": 42,
    "features": 64,
    "depth": 4,
    "dropout": 0.2,
    "num_workers": 4,
    "patience": 20
  },
  "timestamp": "2025-12-03 21:06:23"
}