{
  "train_loss": [
    0.5042639821767807,
    0.463974729180336
  ],
  "val_loss": [
    0.21425611525774002,
    0.223600871860981
  ],
  "best_val_loss": 0.21425611525774002,
  "total_time_seconds": 5.648263931274414,
  "epochs_trained": 2,
  "final_correlation": 0.25825962144881487,
  "final_mae": 0.31711178668774664,
  "final_snr": 22.843609984964132
}